Área;Prioridad;Equipo;Componente;Actividad;Monto 2027 (CLP);Meses con gasto;Hoja;Fila origen;Observación
Planta de Agua;P1;Motobombas General;;Sellos, Orines, Pernos, Empaquetadura;4200000;Ene Feb Mar Abr May Jun Jul Ago Sep Oct Nov Dic;SUM 2027;22;
Planta de Agua;P1;Infraestructura (TK2, TK3, TK4, CIPf3, CIP4);;Limpieza y Recubrimiento de Estanques Sometidos a Exterior;3400000;Ene Mar;SUM 2027;64;
Planta de Agua;P1;Infraestructura;;Cambio de Tapas OI, abrazaderas de conexión, componentes oxidados;1800000;Jun;SUM 2027;63;
Planta de Agua;P1;Caudalímetros General;;Compra de tuberías con bridas como reemplazo temporal de transmisores Caudímetros;700000;Ene;SUM 2027;61;
Planta de Agua;P2;Infraestructura;;Mantención Infraestructura sometida a humedad, corrosión y exterior;2700000;Ene Mar May Jul Sep Nov;SUM 2027;62;
Planta de Agua;P2;TK-2;Motobomba 1;Motobomba 1 alimentación balance;1960000;Ene Jul;SUM 2027;23;
Planta de Agua;P2;TK-2;Motobomba 2;Motobomba 2 alimentación balance;1960000;Feb Ago;SUM 2027;24;
Planta de Agua;P2;TK-2;Motobomba 3;Motobomba 3 alimentación balance;1960000;Mar Sep;SUM 2027;25;
Planta de Agua;P2;TK4;Motobomba 1;Motobomba principal;980000;Jun;SUM 2027;28;
Planta de Agua;P2;TK Balance;Motobomba 1;Motobomba Aseo;980000;Jun;SUM 2027;30;
Planta de Agua;P2;TK Balance;Motobomba 2;Motobomba para mezcla manantial;980000;Jun;SUM 2027;31;
Planta de Agua;P2;TK2;Caudalimetro KROHNE;Calibración Anual;900000;Feb;SUM 2027;54;
Planta de Agua;P2;TK4;Caudalímetro Siemens;Calibración Anual;900000;Feb;SUM 2027;55;
Planta de Agua;P2;Nestlé;Caudalímetro Siemens;Calibración Anual;900000;Feb;SUM 2027;56;
Planta de Agua;P2;PET;Caudalímetro Siemens;Calibración Anual;900000;Feb;SUM 2027;57;
Planta de Agua;P2;Jarabería y Lic.;Caudalímetro Siemens;Calibración Anual;900000;Feb;SUM 2027;59;
Planta de Agua;P2;Manantial;Caudalímetro Siemens;Calibración Anual;900000;Feb;SUM 2027;60;
Planta de Agua;P2;Tk-3;Motobomba;regadío;750000;Ene;SUM 2027;27;
Planta de Agua;P2;TK4;Motobomba 2;Motobomba auxiliar;750000;Feb;SUM 2027;29;
Planta de Agua;P3;PRB;Caudalímetro Siemens;Calibración Anual;900000;Feb;SUM 2027;58;
Planta de Agua;Sin clasificar;filtros carbon;;Cambio de carbón;6303000;Mar Jun;SUM 2027;47;
Planta de Agua;Sin clasificar;"Tk 20 ; TK 33 ; TK01 ; TK02; TK inter";;Mantencion de Bbas, Valvulas,cambio filtros, niveles;5745303;Jun Nov;SUM 2027;45;
Planta de Agua;Sin clasificar;equipos UV;;mantencion equipos troyan;5600000;Jun;SUM 2027;48;
Planta de Agua;Sin clasificar;equipos UV;;mantencion equipos troyan;3800000;Jun;SUM 2027;49;
Planta de Agua;Sin clasificar;Osmosis Inversa;;cambio de manometros y medidores de caudal;3270704;Mar Jun Sep;SUM 2027;43;
Planta de Agua;Sin clasificar;estanques de 200 M3 planta de agua;;mantencion de bbas, cañerias y valvulas;2822095;Feb Abr Jun Ago Oct Dic;SUM 2027;53;
Planta de Agua;Sin clasificar;Equipos UV;;mantencion equipos de recirculacion estanques;2800000;Jun;SUM 2027;44;
Planta de Agua;Sin clasificar;Bombas de agua est 900 M3;;mantenciones de bbas valvulas y cañerias;2660000;Feb Abr Jun Oct;SUM 2027;50;
Planta de Agua;Sin clasificar;osmosis inversa 2;;mantencion de bombas tuberias e instrumentacion;2400000;Jun;SUM 2027;46;
Planta de Agua;Sin clasificar;estanque acumulador de agua 900 M3;;limpieza y saneado anual de estanque;2387100;Jun;SUM 2027;51;
Planta de Agua;Sin clasificar;TK-33 /motobomba;;Mantenimiento de bomba de recirculación tk-33 1;2250000;Mar Jul Nov;SUM 2027;34;
Planta de Agua;Sin clasificar;TK-33 /motobomba;;Mantenimiento de bomba de recirculación tk-33 2;2250000;Mar Jul Nov;SUM 2027;35;
Planta de Agua;Sin clasificar;TK-A2 /motobomba;;Recirculación TK-A2;2250000;Ene May Sep;SUM 2027;39;
Planta de Agua;Sin clasificar;TK-A2 /motobomba;;CIP TK-A2;2250000;Ene May Sep;SUM 2027;40;
Planta de Agua;Sin clasificar;estanque acumulador de agua 900 M3;;reparaciones de filtraciones impermeabilizacion;1962422;Ene Mar May Jul Sep Nov;SUM 2027;52;
Planta de Agua;Sin clasificar;TK20 /motobomba;;Mantenimiento bomba de recirculación tk-20 7,5 HP;1500000;Abr Sep;SUM 2027;36;
Planta de Agua;Sin clasificar;TK20 /motobomba;;Mantenimiento de bomba auxiliar tk-20 3 HP;1500000;Abr Sep;SUM 2027;37;
Planta de Agua;Sin clasificar;Osmosis 1 /motobomba;;Motobomba Entrada;750000;Jun;SUM 2027;32;
Planta de Agua;Sin clasificar;TK-A2 /motobomba;;Motobomba a producción;750000;Jun;SUM 2027;41;
Planta de Agua;Sin clasificar;CIP4 /motobomba;;Bomba CIP 4;750000;Jun;SUM 2027;42;
Planta de Agua;Sin clasificar;Osmosis 1 /motobomba;;Motobomba Recuperación Rechazo;450000;Jun;SUM 2027;33;
Planta de RILES;P1;Sensores de pH (Pozo, Recir.Ec, Eflu.Ec., Recir.Acond, OD);;Revisión, calibración y si amérita cambio de sondas descalibradas;15000000;Feb Abr Jun Ago Oct Dic;SUM 2027;91;
Planta de RILES;P1;Sensores Nivel (Pozo Pit/Calamidad/Ecualizador/Acondicionador);;Revisión, calibración y si amérita cambio de sondas descalibradas;6000000;Abr Ago Dic;SUM 2027;90;
Planta de RILES;P1;Aerobio / Motor de Aire;;Revisión eléctrica, revisión componentes mecánicas;3200000;Ene Jun Dic;SUM 2027;101;
Planta de RILES;P1;Clarificador / Motobomba retorno de lodos;;Revisión eléctrica, revisión componentes mecánicas;1700000;Abr Sep;SUM 2027;102;
Planta de RILES;P1;Clarificador / Motoreductor;;Revisión eléctrica, revisión componentes mecánicas;1500000;Jun;SUM 2027;104;
Planta de RILES;P1;Pozo pit / Bomba elevadora PU10 Tipo Sumergible 4kw KSB;;Revisión eléctrica, revisión componentes mecánicas;1200000;Abr;SUM 2027;92;
Planta de RILES;P1;Anaerobio / Motobomba de alimentación/recirculación principal PU16;;Revisión eléctrica, revisión componentes mecánicas;980000;Abr;SUM 2027;98;
Planta de RILES;P1;Millonario a Servicios;Caudalimetro KROHNE;Calibración de caudalimetro;900000;Feb;SUM 2027;118;
Planta de RILES;P1;Millonario a Planta de Agua;Caudalimetro KROHNE;Calibración de caudalimetro;900000;Feb;SUM 2027;119;
Planta de RILES;P1;Entrada Pit a Ecualizador;Caudalímetro Siemens;Calibración de caudalimetro;900000;Feb;SUM 2027;120;
Planta de RILES;P1;Salida Clarificador;Caudalímetro Aguasin;Calibración de caudalimetro;900000;Feb;SUM 2027;121;
Planta de RILES;P1;Ecualizador / Motobomba de recirculación principal PU12;;Revisión eléctrica, revisión componentes mecánicas;850000;Abr;SUM 2027;94;
Planta de RILES;P1;Ecualizador / Motobomba de Salida a Acondicionador PU14;;Revisión eléctrica, revisión componentes mecánicas;850000;Mar;SUM 2027;96;
Planta de RILES;P1;Acondicionador / Motobomba de recirculación PU15;;Revisión eléctrica, revisión componentes mecánicas;850000;Jun;SUM 2027;97;
Planta de RILES;P1;Cármamo 2 / Motobomba principal impulso a regadío;;Revisión eléctrica, revisión componentes mecánicas;850000;Abr;SUM 2027;106;
Planta de RILES;P2;Pozo pit / Bomba elevadora PU11 Tipo Sumergible 4kw KSB;;Revisión eléctrica, revisión componentes mecánicas;1200000;Sep;SUM 2027;93;
Planta de RILES;P2;Anaerobio / Motobomba de alimentación/recirculación principal PU17;;Revisión eléctrica, revisión componentes mecánicas;980000;Sep;SUM 2027;99;
Planta de RILES;P2;Ecualizador / Motobomba de recirculación respaldo PU13;;Revisión eléctrica, revisión componentes mecánicas;850000;Sep;SUM 2027;95;
Planta de RILES;P2;Cármamo 2 / Motobomba respaldo impulso a regadío;;Revisión eléctrica, revisión componentes mecánicas;850000;Ago;SUM 2027;107;
Planta de RILES;P3;Pozo pit / Bomba Recirculación Calamidad;;Revisión eléctrica, revisión componentes mecánicas;1200000;Feb Sep;SUM 2027;87;
Planta de RILES;P3;Clarificador / Motobomba retorno de lodos respaldo;;Revisión eléctrica, revisión componentes mecánicas;850000;Jun;SUM 2027;103;
Planta de RILES;Sin clasificar;Tk Aerobio / Proceso;;Retiro de lodos (12m^3) (incluyendo limpieza Pozo Pit);49920000;Ene Feb Mar Abr May Jun Jul Ago Sep Oct Nov Dic;SUM 2027;80;
Planta de RILES;Sin clasificar;Piscina Regadío /estructural;;Retiro de lodos piscina (50m^3);42000000;Mar Jun Sep Dic;SUM 2027;81;
Planta de RILES;Sin clasificar;Bombas dosificadoras /intrumentos;;cambio y/o mantención de bombas dosificadoras;4800000;Jun;SUM 2027;113;
Planta de RILES;Sin clasificar;TK Aerobio /estructural;;Limpieza de cámara de muestreo Aguas Antofagasta;4000000;Ene Abr Jul Oct;SUM 2027;78;
Planta de RILES;Sin clasificar;reactor anaerobio;;reparaciones de tapas de cubierta reactor;3600000;Ene Feb Mar Abr May Jun Jul Ago Sep Oct Nov Dic;SUM 2027;109;
Planta de RILES;Sin clasificar;Ecualizador / Tamiz;;Restauraciones parciales;3600000;Ene Feb Mar Abr May Jun Jul Ago Sep Oct Nov Dic;SUM 2027;111;
Planta de RILES;Sin clasificar;Planta de biogas /válvulas;;Mantenimiento estructural;2400000;Mar Jun Sep Dic;SUM 2027;115;
Planta de RILES;Sin clasificar;Barandas /estructural;;Mantenimiento de barandas de seguridad;2100000;Abr Ago Dic;SUM 2027;110;
Planta de RILES;Sin clasificar;Tuberías /válvulas;;Mantenimiento estructural valvulas, acoples, americana;1500000;Abr Oct Dic;SUM 2027;112;
Planta de RILES;Sin clasificar;Planta Biogas /antorcha;;Mantencion general de antorcha de biogas;817676;Mar Jun Sep Dic;SUM 2027;117;
Planta de RILES;Sin clasificar;Planta de biogas /instrumentos;;Manómetros, flujómetros, válvula de seguridad;800000;Jun;SUM 2027;116;
Planta de RILES;Sin clasificar;TK Aerobio /estructural;;Compra de difusores de microburbuja (24 unidades);500000;Ene;SUM 2027;79;
Planta de RILES;Sin clasificar;Electroválvula pozo pit calamidad;;Mantención Interna;381000;Jun;SUM 2027;83;
Planta de RILES;Sin clasificar;Electroválvula pozo pit a ecualizador;;Mantención Interna;381000;Jun;SUM 2027;84;"Área vacía en Excel; asignada por fila contigua (bloque Planta de RILES)"
Planta de RILES;Sin clasificar;Electroválvula 1 RAN;;Mantención Interna;381000;Jun;SUM 2027;85;"Área vacía en Excel; asignada por fila contigua (bloque Planta de RILES)"
Planta de RILES;Sin clasificar;Electroválvula 2 RAN;;Mantención Interna;381000;Jun;SUM 2027;86;"Área vacía en Excel; asignada por fila contigua (bloque Planta de RILES)"
Sala Compresores;P1;Compresor AF;;Repuestos Mantenimiento Anual.;45000000;Jun Jul;SUM 2027;128;
Sala Compresores;P1;Inspección Mensual Compresores de Baja Atlas;;;23400000;Ene Feb Mar Abr May Jun Jul Ago Sep Oct Nov Dic;SUM 2027;129;
Sala Compresores;P1;Compresor Baja ATLAS ZT45 N°2 Serie API794890.;;"Cambio de enfriador de aceite e intercooler, flexibles asociados, aceite y revisión/mantenimiento general del equipo;";9800000;Mar;SUM 2027;130;
Sala Compresores;P1;Secador MD100A ATLAS (Compresor Baja N°3);;Cambio de Enfriador de Aceite;3800000;Ene;SUM 2027;133;
Sala Compresores;P2;Compresor Baja ATLAS ZT55VSDFF N°1 Serie API794894.;;Reparación con cambio de caja y válvula de retención, resorte, kit de reubicación de válvula solenoide y ventilador radial, más revisión/mantenimiento genera;7500000;Abr;SUM 2027;131;
Sala Compresores;P3;Compresor VH15;;Repuestos Mantenimiento Anual.;2000000;Jun;SUM 2027;127;
Planta de Frío;P1;Motobomba 5 5,5kw (lowara);;Revisión eléctrica, revisión componentes mecánicas;1380000;Jun Jul;SUM 2027;73;
Planta de Frío;P1;Motobomba 6 5,5kw (lowara);;Revisión eléctrica, revisión componentes mecánicas;1380000;Abr Jul;SUM 2027;74;
Planta de Frío;P1;Motobomba 8 22kw (lowara);;Revisión eléctrica, revisión componentes mecánicas;1380000;Abr Jul;SUM 2027;76;
Planta de Frío;P1;Motobomba 3 4,0kw (lowara);;Revisión eléctrica, revisión componentes mecánicas;1100000;Abr Jul;SUM 2027;71;
Planta de Frío;P1;Motobomba 1 2,2kw (lowara);;Revisión eléctrica, revisión componentes mecánicas;1000000;Abr Jul;SUM 2027;69;
Planta de Frío;P2;Motobomba 7 5,5kw (lowara);;Revisión eléctrica, revisión componentes mecánicas;1380000;Jul Sep;SUM 2027;75;
Planta de Frío;P2;Motobomba 9 22kw (omega);;Revisión eléctrica, revisión componentes mecánicas;1380000;Jul Sep;SUM 2027;77;
Planta de Frío;P2;Motobomba 4 4,0kw (lowara);;Revisión eléctrica, revisión componentes mecánicas;1100000;Jul Sep;SUM 2027;72;
Planta de Frío;P2;Motobomba 2 2,2kw (lowara);;Revisión eléctrica, revisión componentes mecánicas;1000000;Jul Sep;SUM 2027;70;
Planta de Frío;Sin clasificar;Chiller N°1;;Revisión eléctrica, revisión componentes mecánicas;14400000;Mar Jun Sep Dic;SUM 2027;66;
Planta de Frío;Sin clasificar;Chiller N°2;;Revisión eléctrica, revisión componentes mecánicas;14400000;Mar Jun Sep Dic;SUM 2027;67;
Planta de Frío;Sin clasificar;Dry Cooler;;Revisión eléctrica, revisión componentes mecánicas;14400000;Mar Jun Sep Dic;SUM 2027;68;
SSEE;Sin clasificar;TGFyA;;Mantenimiento tablero sala de máquina;7500000;Jun;SUM 2027;147;
SSEE;Sin clasificar;TGFyA;;Cambio de aceite de trafo;5000000;Jun;SUM 2027;143;
SSEE;Sin clasificar;transformadores y celdas;;Mantenimiento a trafos;3920000;Jun;SUM 2027;140;
SSEE;Sin clasificar;transformadores y celdas;;Análisis de aceite de Trafos;3800000;Jun;SUM 2027;138;
SSEE;Sin clasificar;TGFyA;;mantencion TG de fuerza;3420000;Jun;SUM 2027;141;
SSEE;Sin clasificar;TGFyA;;Servicio de medición de datos;3360000;Jun Jul Ago Sep Oct Nov Dic;SUM 2027;145;
SSEE;Sin clasificar;TGFyA;;Mantenimiento circuitos planta (levantamiento plano unilineal);3000000;Mar;SUM 2027;148;
SSEE;Sin clasificar;Red Media Tensión;;limpieza de red aerea de MT;2200000;Jun;SUM 2027;149;
SSEE;Sin clasificar;TGFyC;;Mantención Banco de Condensadores;1680000;Jun;SUM 2027;150;
SSEE;Sin clasificar;TGFyA;;Mantenimiento a grupo electrógeno;1500000;Jun;SUM 2027;146;
SSEE;Sin clasificar;transformadores y celdas;;Mantenimiento a desconectadores;1200000;Jun;SUM 2027;139;
Sala de Caldera;P1;Caldera Generador de Vapor;;Mantención anual Caldera;10708500;Jun;SUM 2027;4;
Sala de Caldera;P1;Caldera Generador de Vapor;;Repuestos Mantención Caldera (valvulas de seguridad, manifold, componentes);7600000;Ene;SUM 2027;2;
Sala de Caldera;P1;Caldera Generador de Vapor;;Pruebas de Hermeticidad (analisis confiabilidad línea tubería GNL);3000000;Feb;SUM 2027;3;
Sala de Caldera;P2;Caldera Generador de Vapor;;Mantenimiento a alimentador de Gas;800000;Jun;SUM 2027;13;
Sala de Caldera;P3;Caldera Generador de Vapor;;Calibración Medidor Flujo Gas;3500000;Jun;SUM 2027;14;
Sala de Caldera;Sin clasificar;;;Medidor Portatil Sensor de Gases;3200000;Ene;SUM 2027;15;
Sala de Caldera;(2026, sin prioridad);caldera generador de vapor;;repuestos mantencion caldera;3563535;Jun Oct;Presupuesto 2026;4;Monto 2026
Sala de Caldera;(2026, sin prioridad);caldera generador de vapor;;mantencion anual caldera y desaireador;10062070;Feb Jun Oct;Presupuesto 2026;5;Monto 2026
Sala de Caldera;(2026, sin prioridad);infra estructura;;Puertas, ventanas, paredes e instalaciones eléctricas;2000000;Ene Mar Jun Sep;Presupuesto 2026;7;Monto 2026
Sala de Caldera;(2026, sin prioridad);infra estructura;;Pruebas isocinéticas;7000000;Jun;Presupuesto 2026;9;Monto 2026
Planta de Agua;(2026, sin prioridad);TK-2 /motobomba;;Motobomba 2 alimentación balance;2250000;Ene May Sep;Presupuesto 2026;10;Monto 2026
Planta de Agua;(2026, sin prioridad);TK-2 /motobomba;;Motobomba 3 alimentación balance;1500000;Ene May;Presupuesto 2026;11;Monto 2026
Planta de Agua;(2026, sin prioridad);Tk-4 /motombomba;;Motobomba principal;2250000;Feb Jun Oct;Presupuesto 2026;13;Monto 2026
Planta de Agua;(2026, sin prioridad);Tk-4 /motombomba;;Motobomba auxiliar;1950000;Feb Jun Oct;Presupuesto 2026;14;Monto 2026
Planta de Agua;(2026, sin prioridad);Tk-Balance /motobomba;;Motobomba Aseo;1950000;Feb Jun Oct;Presupuesto 2026;15;Monto 2026
Planta de Agua;(2026, sin prioridad);Tk-Balance /motobomba;;Motobomba para mezcla manantial;2250000;Mar Jul Nov;Presupuesto 2026;16;Monto 2026
Planta de Agua;(2026, sin prioridad);Osmosis 1 /motobomba;;Motobomba Entrada;750000;Jun;Presupuesto 2026;17;Monto 2026
Planta de Agua;(2026, sin prioridad);Osmosis 1 /motobomba;;Motobomba Recuperación Rechazo;450000;Jun;Presupuesto 2026;18;Monto 2026
Planta de Agua;(2026, sin prioridad);Osmosis 1 /motobomba;;Motobomba de alta;1200000;Jun;Presupuesto 2026;19;Monto 2026
Planta de Agua;(2026, sin prioridad);Osmosis 2 /motobomba;;Motobomba Entrada;850000;Jun;Presupuesto 2026;20;Monto 2026
Planta de Agua;(2026, sin prioridad);Osmosis 2 /motobomba;;Motobomba de alta;850000;Jun;Presupuesto 2026;21;Monto 2026
Sala de Caldera;(2026, sin prioridad);Sistema redes y condensado;;conservacion de redes de vapor (trampas de vapor);7020746;Ene Abr Jun Sep Dic;Presupuesto 2026;22;Monto 2026
Sala de Caldera;(2026, sin prioridad);desaireador;;mantencion de valvulas e instrumentacion;1144746;Feb May Ago Nov;Presupuesto 2026;24;Monto 2026
Sala de Caldera;(2026, sin prioridad);caldera generador de vapor;;Mantenimiento a alimentador de Gas;800000;Jun;Presupuesto 2026;26;Monto 2026
Sala de Caldera;(2026, sin prioridad);caldera generador de vapor;;Calibración Medidor Gas;300000;Jun;Presupuesto 2026;27;Monto 2026
Planta de Agua;(2026, sin prioridad);TK-2 /motobomba;;Motobomba 1 alimentación balance;2250000;Ene May Sep;Presupuesto 2026;28;Monto 2026
Planta de Agua;(2026, sin prioridad);TK-33 /motobomba;;Mantenimiento de bomba de recirculación tk-33 1;2250000;Mar Jul Nov;Presupuesto 2026;29;Monto 2026
Planta de Agua;(2026, sin prioridad);TK-33 /motobomba;;Mantenimiento de bomba de recirculación tk-33 2;2250000;Mar Jul Nov;Presupuesto 2026;30;Monto 2026
Planta de Agua;(2026, sin prioridad);TK20 /motobomba;;Mantenimiento bomba de recirculación tk-20 7,5 HP;2250000;Abr Ago Dic;Presupuesto 2026;31;Monto 2026
Planta de Agua;(2026, sin prioridad);TK20 /motobomba;;Mantenimiento de bomba auxiliar tk-20 3 HP;2250000;Abr Ago Dic;Presupuesto 2026;32;Monto 2026
Planta de Agua;(2026, sin prioridad);TK-A2 /motobomba;;Recirculación TK-A2;2250000;Ene May Sep;Presupuesto 2026;33;Monto 2026
Planta de Agua;(2026, sin prioridad);TK-A2 /motobomba;;CIP TK-A2;2250000;Ene May Sep;Presupuesto 2026;34;Monto 2026
Planta de Agua;(2026, sin prioridad);CIP4 /motobomba;;Bomba CIP 4;750000;Jun;Presupuesto 2026;35;Monto 2026
Planta de Agua;(2026, sin prioridad);osmosis inversa;;cambio de manometros y medidores de caudal;3270704;Mar Jun Sep;Presupuesto 2026;36;Monto 2026
Planta de Agua;(2026, sin prioridad);equipos UV;;mantencion equipos de recirculacion estanques;2800000;Jun;Presupuesto 2026;37;Monto 2026
Planta de Agua;(2026, sin prioridad);"Tk 20 ; TK 33 ; TK01 ; TK02; TK inter";;Mantencion de Bbas, Valvulas,cambio filtros, niveles;9745303;Jun Nov;Presupuesto 2026;38;Monto 2026
Planta de Agua;(2026, sin prioridad);osmosis inversa 2;;mantencion de bombas tuberias e instrumentacion;2400000;Jun;Presupuesto 2026;40;Monto 2026
Planta de Agua;(2026, sin prioridad);filtros carbon;;Cambio de carbón;6303000;Mar Jun;Presupuesto 2026;45;Monto 2026
Planta de Agua;(2026, sin prioridad);equipos UV;;mantencion equipos troyan;5600000;Jun;Presupuesto 2026;46;Monto 2026
Planta de Agua;(2026, sin prioridad);equipos UV;;mantencion equipos troyan;3800000;Jun;Presupuesto 2026;47;Monto 2026
Planta de Agua;(2026, sin prioridad);Bombas de agua est 900 M3;;mantenciones de bbas valvulas y cañerias;2660000;Feb Abr Jun Oct;Presupuesto 2026;48;Monto 2026
Planta de Agua;(2026, sin prioridad);TK-A2 /motobomba;;Motobomba a producción;750000;Jun;Presupuesto 2026;49;Monto 2026
Planta de Agua;(2026, sin prioridad);estanque acumulador de agua 900 M3;;limpieza y saneado anual de estanque;2387100;Jun;Presupuesto 2026;50;Monto 2026
Planta de Agua;(2026, sin prioridad);estanque acumulador de agua 900 M3;;reparaciones de filtraciones impermeabilizacion;1962422;Ene Mar May Jul Sep Nov;Presupuesto 2026;51;Monto 2026
Planta de Agua;(2026, sin prioridad);estanques de 200 M3 planta de agua;;mantencion de bbas, cañerias y valvulas;2822095;Feb Abr Jun Ago Oct Dic;Presupuesto 2026;59;Monto 2026
Planta de Frío;(2026, sin prioridad);Chiller N°1;;Mantenimiento 5000 hrs;14400000;Mar Jun Sep Dic;Presupuesto 2026;61;Monto 2026
Planta de Frío;(2026, sin prioridad);Chiller N°2;;Mantenimiento 5000 hrs;14400000;Mar Jun Sep Dic;Presupuesto 2026;62;Monto 2026
Planta de Frío;(2026, sin prioridad);Dry Cooler;;Mantenimiento 5000 hrs;14400000;Mar Jun Sep Dic;Presupuesto 2026;63;Monto 2026
Planta de Frío;(2026, sin prioridad);Motobombas;;Motobomba 1 2,2kw (lowara);1350000;Feb Jun Oct;Presupuesto 2026;64;Monto 2026
Planta de Frío;(2026, sin prioridad);Motobombas;;Motobomba 2 2,2kw (lowara);1350000;Mar Jul Nov;Presupuesto 2026;67;Monto 2026
Planta de Frío;(2026, sin prioridad);Motobombas;;Motobomba 3 4,0kw (lowara);1350000;Feb Jun Oct;Presupuesto 2026;68;Monto 2026
Planta de Frío;(2026, sin prioridad);Motobombas;;Motobomba 4 4,0kw (lowara);1350000;Mar Jul Nov;Presupuesto 2026;73;Monto 2026
Planta de Frío;(2026, sin prioridad);Motobombas;;Motobomba 5 5,5kw (lowara);1350000;Abr Ago Dic;Presupuesto 2026;74;Monto 2026
Planta de Frío;(2026, sin prioridad);Motobombas;;Motobomba 6 5,5kw (lowara);900000;May Sep;Presupuesto 2026;75;Monto 2026
Planta de Frío;(2026, sin prioridad);Motobombas;;Motobomba 7 5,5kw (lowara);1350000;Abr Ago Dic;Presupuesto 2026;76;Monto 2026
Planta de Frío;(2026, sin prioridad);Motobombas;;Motobomba 8 22kw (lowara);2550000;Ene May Sep;Presupuesto 2026;77;Monto 2026
Planta de Frío;(2026, sin prioridad);Motobombas;;Motobomba 9 22kw (omega);2550000;Ene May Sep;Presupuesto 2026;81;Monto 2026
Planta de RILES;(2026, sin prioridad);reactor aerobio /estructural;;cambio de aspersores de microburbuja (48 unidades);2400000;May;Presupuesto 2026;83;Monto 2026
Planta de RILES;(2026, sin prioridad);Tk-Aerobio /estructural;;Retiro de lodos (12m^3);8320000;Ene Jul;Presupuesto 2026;85;Monto 2026
Planta de RILES;(2026, sin prioridad);Piscina Regadío /estructural;;Retiro de lodos piscina (50m^3);37600000;Mar Jun Sep Dic;Presupuesto 2026;86;Monto 2026
Planta de RILES;(2026, sin prioridad);Pozo pit / motobomba;;Motobomba principal;2550000;Abr Ago Dic;Presupuesto 2026;87;Monto 2026
Planta de RILES;(2026, sin prioridad);Pozo pit / motobomba;;Motobomba auxiliar;850000;Jun;Presupuesto 2026;92;Monto 2026
Planta de RILES;(2026, sin prioridad);Ecualizador /motobomba;;Motobomba de arranque;2550000;Ene Ago Dic;Presupuesto 2026;93;Monto 2026
Planta de RILES;(2026, sin prioridad);Ecualizador /motobomba;;Motobomba de recirculación;2550000;Abr Ago Dic;Presupuesto 2026;94;Monto 2026
Planta de RILES;(2026, sin prioridad);Acondicionador /motobomba;;Motobomba de recirculación;2550000;Abr Ago Dic;Presupuesto 2026;95;Monto 2026
Planta de RILES;(2026, sin prioridad);Anaerobio /motobomba;;Motobomba de recirculación;2550000;Abr Ago Dic;Presupuesto 2026;96;Monto 2026
Planta de RILES;(2026, sin prioridad);Aerobio / aireador;;Motobomba de aireación lodos;2550000;Abr Ago Dic;Presupuesto 2026;97;Monto 2026
Planta de RILES;(2026, sin prioridad);Clarificador / motobomba;;Motobomba retorno de lodo;2550000;Abr Ago Dic;Presupuesto 2026;98;Monto 2026
Planta de RILES;(2026, sin prioridad);Clarificador /motoreductor;;Motoreductor de eje de barrido de lodos;2550000;Abr Ago Dic;Presupuesto 2026;99;Monto 2026
Planta de RILES;(2026, sin prioridad);Cármamo 2 / motobomba;;Motobomba impulso a regadío;2550000;Abr Ago Dic;Presupuesto 2026;100;Monto 2026
Planta de RILES;(2026, sin prioridad);Pozo Pit/ Válvulas;;Inspección y reemplazo de valvulas;1000000;Jun Dic;Presupuesto 2026;104;Monto 2026
Planta de RILES;(2026, sin prioridad);Pozo Pit / Limpieza;;Limpieza mensual pozos;3600000;Ene Feb Mar Abr May Jun Jul Ago Sep Oct Nov Dic;Presupuesto 2026;114;Monto 2026
Planta de RILES;(2026, sin prioridad);Clarificador / Aspas;;Mantención a Aspas de barrido de lodos;1600000;Jun;Presupuesto 2026;131;Monto 2026
Planta de RILES;(2026, sin prioridad);Anaerobio /estructural;;Hermeticidad de las tuberías que transportan el digestato.;1200000;Jun;Presupuesto 2026;135;Monto 2026
Planta de RILES;(2026, sin prioridad);reactor anaerobio;;reparaciones de tapas de cubierta reactor;3600000;Ene Feb Mar Abr May Jun Jul Ago Sep Oct Nov Dic;Presupuesto 2026;152;Monto 2026
Planta de RILES;(2026, sin prioridad);Barandas /estructural;;Mantenimiento de barandas de seguridad;2100000;Abr Ago Dic;Presupuesto 2026;163;Monto 2026
Planta de RILES;(2026, sin prioridad);Ecualizador / Tamiz;;Restauraciones parciales;3600000;Ene Feb Mar Abr May Jun Jul Ago Sep Oct Nov Dic;Presupuesto 2026;164;Monto 2026
Planta de RILES;(2026, sin prioridad);Tuberías /válvulas;;Mantenimiento estructural valvulas, acoples, americana;1500000;Abr Oct Dic;Presupuesto 2026;184;Monto 2026
Planta de RILES;(2026, sin prioridad);Bombas dosificadoras /intrumentos;;cambio y/o mantención de bombas dosificadoras;4800000;Jun;Presupuesto 2026;185;Monto 2026
Planta de RILES;(2026, sin prioridad);Oficina / Intrumentos;;Calibración de intrumentos (colorímetro, sensor de gases, Phmetro, digestor);1600000;Jun;Presupuesto 2026;186;Monto 2026
Planta de RILES;(2026, sin prioridad);Planta de biogas /válvulas;;Mantenimiento estructural;2400000;Mar Jun Sep Dic;Presupuesto 2026;187;Monto 2026
Planta de RILES;(2026, sin prioridad);Planta de biogas /instrumentos;;Manómetros, flujómetros, válvula de seguridad;800000;Jun;Presupuesto 2026;188;Monto 2026
Planta de RILES;(2026, sin prioridad);Planta Biogas /antorcha;;Mantencion general de antorcha de biogas;817676;Mar Jun Sep Dic;Presupuesto 2026;189;Monto 2026
Sala Compresores;(2026, sin prioridad);Compresor VH15;;Repuestos Mantenimiento Anual.;2000000;Jun;Presupuesto 2026;190;Monto 2026
Sala Compresores;(2026, sin prioridad);Compresor AF;;Repuestos Mantenimiento Anual.;43000000;Jun Jul;Presupuesto 2026;191;Monto 2026
Sala Compresores;(2026, sin prioridad);Compresores ATLAS COPCO;;contrato mantencion compresores;23400000;Ene Feb Mar Abr May Jun Jul Ago Sep Oct Nov Dic;Presupuesto 2026;192;Monto 2026
Sala Compresores;(2026, sin prioridad);Compresor AF;;Mantenimiento a Chiller Compresor AF;1850000;Jun;Presupuesto 2026;193;Monto 2026
Sala Compresores;(2026, sin prioridad);Compresor AF;;Cambio de filtros de aire de alta;5280000;Abr Ago Dic;Presupuesto 2026;194;Monto 2026
Sala Compresores;(2026, sin prioridad);filtros de aire;;cambio de filtros de aire esteril de acumulador y de lineas;11038625;Abr Ago Dic;Presupuesto 2026;195;Monto 2026
SSEE;(2026, sin prioridad);transformadores y celdas;;Análisis de aceite de Trafos;3800000;Jun;Presupuesto 2026;196;Monto 2026
SSEE;(2026, sin prioridad);transformadores y celdas;;Mantenimiento a desconectadores;1200000;Jun;Presupuesto 2026;197;Monto 2026
SSEE;(2026, sin prioridad);transformadores y celdas;;Mantenimiento a trafos;3920000;Jun;Presupuesto 2026;198;Monto 2026
SSEE;(2026, sin prioridad);TGFyA;;mantencion TG de fuerza;3420000;Jun;Presupuesto 2026;199;Monto 2026
SSEE;(2026, sin prioridad);red MT;;Cambio de red de MT;20000000;Jun;Presupuesto 2026;200;Monto 2026
SSEE;(2026, sin prioridad);TGFyA;;Cambio de aceite de trafo;4500000;Oct;Presupuesto 2026;201;Monto 2026
SSEE;(2026, sin prioridad);TGFyA;;Servicio de medición de datos;3360000;Jun Jul Ago Sep Oct Nov Dic;Presupuesto 2026;203;Monto 2026
SSEE;(2026, sin prioridad);TGFyA;;Mantenimiento a grupo electrógeno;1500000;Jun;Presupuesto 2026;204;Monto 2026
SSEE;(2026, sin prioridad);TGFyA;;Mantenimiento tablero sala de máquina;7500000;Jun;Presupuesto 2026;205;Monto 2026
SSEE;(2026, sin prioridad);TGFyA;;Mantenimiento circuitos planta (levantamiento plano unilineal);3000000;Mar;Presupuesto 2026;206;Monto 2026
SSEE;(2026, sin prioridad);red MT;;limpieza de red aerea de MT;2200000;Dic;Presupuesto 2026;207;Monto 2026
SSEE;(2026, sin prioridad);TGFyC;;Mantención Banco de Condensadores;1680000;Jun;Presupuesto 2026;208;Monto 2026
